Handle,Title,Body (HTML),Vendor,Product Category,Type,Tags,Published,Option1 Name,Option1 Value,Option2 Name,Option2 Value,Option3 Name,Option3 Value,Variant SKU,Variant Grams,Variant Inventory Tracker,Variant Inventory Qty,Variant Inventory Policy,Variant Fulfillment Service,Variant Price,Variant Compare At Price,Variant Requires Shipping,Variant Taxable,Variant Barcode,Image Src,Image Position,Image Alt Text,Gift Card,SEO Title,SEO Description,Status
lux-silk-oversized-shirt,Luxury Silk Oversized Resort Shirt,"<p>Crafted from premium Mulberry silk blend, this oversized resort shirt delivers effortless elegance, breathability, and luxurious comfort for every occasion.</p><ul><li>Ultra-soft breathable silk blend</li><li>Relaxed contemporary drape</li><li>Custom mother-of-pearl buttons</li></ul>",Luxidaq,Apparel & Accessories > Clothing > Shirts & Tops,Clothing,"clothing, new, trending, luxury",true,Size,Small,Color,Ivory,,,LUX-SHIRT-IV-S,250,shopify,50,deny,manual,68.00,110.00,true,true,,https://images.unsplash.com/photo-1596755094514-f87e34085b2c?w=1000&auto=format&fit=crop&q=85,1,Luxury Silk Oversized Resort Shirt Ivory,false,Luxury Silk Oversized Resort Shirt | Luxidaq,Premium Mulberry silk oversized shirt with relaxed silhouette and modern luxury detailing.,active
lux-silk-oversized-shirt,Luxury Silk Oversized Resort Shirt,"",Luxidaq,Apparel & Accessories > Clothing > Shirts & Tops,Clothing,"clothing, new, trending, luxury",true,Size,Medium,Color,Ivory,,,LUX-SHIRT-IV-M,250,shopify,45,deny,manual,68.00,110.00,true,true,,https://images.unsplash.com/photo-1596755094514-f87e34085b2c?w=1000&auto=format&fit=crop&q=85,2,Luxury Silk Oversized Resort Shirt Ivory Medium,false,,,active
lux-silk-oversized-shirt,Luxury Silk Oversized Resort Shirt,"",Luxidaq,Apparel & Accessories > Clothing > Shirts & Tops,Clothing,"clothing, new, trending, luxury",true,Size,Large,Color,Midnight Black,,,LUX-SHIRT-BLK-L,250,shopify,30,deny,manual,68.00,110.00,true,true,,https://images.unsplash.com/photo-1503342217505-b0a15ec3261c?w=1000&auto=format&fit=crop&q=85,3,Luxury Silk Oversized Resort Shirt Black,false,,,active
scandinavian-ceramic-arch-vase,Scandinavian Ceramic Sculptural Arch Vase,"<p>A statement architectural vase featuring graceful geometric arches and a tactile matte ceramic finish. Perfect for minimalist and Japandi living spaces.</p><ul><li>Hand-finished matte stoneware</li><li>Watertight for fresh blooms or dried florals</li><li>Dimensions: 24cm x 18cm</li></ul>",Luxidaq,Home & Garden > Decor > Vases,Home Decor,"home-decor, showpieces, trending, gifts",true,Title,Default Title,,,,,,LUX-VASE-01,800,shopify,65,deny,manual,48.00,79.00,true,true,,https://images.unsplash.com/photo-1612196808214-b8e1d6145a8c?w=1000&auto=format&fit=crop&q=85,1,Scandinavian Ceramic Sculptural Arch Vase,false,Scandinavian Ceramic Sculptural Arch Vase | Luxidaq,Elevate your home aesthetic with our handcrafted matte ceramic arch vase.,active
scandinavian-ceramic-arch-vase,Scandinavian Ceramic Sculptural Arch Vase,"",Luxidaq,Home & Garden > Decor > Vases,Home Decor,"home-decor, showpieces, trending, gifts",true,Title,Default Title,,,,,,,,,,manual,,,,,,,https://images.unsplash.com/photo-1581783342308-f792dbdd27c5?w=1000&auto=format&fit=crop&q=85,2,Scandinavian Ceramic Vase Side Angle,false,,,active
minimalist-leather-crossbody-tote,Minimalist Italian Leather Crossbody Tote,"<p>Constructed with vegetable-tanned full grain leather. Features brushed brass hardware, magnetic snap closure, and detachable crossbody strap.</p><ul><li>100% full grain Italian leather</li><li>Interior zippered security pocket</li><li>Adjustable crossbody strap included</li></ul>",Luxidaq,Apparel & Accessories > Handbags, Wallets & Cases,Accessory,"accessories, best-seller, trending, gifts",true,Color,Caramel Brown,,,,,,LUX-BAG-BRN,600,shopify,40,deny,manual,89.00,149.00,true,true,,https://images.unsplash.com/photo-1584917865442-de89df76afd3?w=1000&auto=format&fit=crop&q=85,1,Minimalist Italian Leather Crossbody Tote,false,Minimalist Italian Leather Crossbody Tote | Luxidaq,Timeless vegetable-tanned leather crossbody tote handcrafted for daily elegance.,active
minimalist-leather-crossbody-tote,Minimalist Italian Leather Crossbody Tote,"",Luxidaq,Apparel & Accessories > Handbags, Wallets & Cases,Accessory,"accessories, best-seller, trending, gifts",true,Color,Matte Noir,,,,,,LUX-BAG-BLK,600,shopify,35,deny,manual,89.00,149.00,true,true,,https://images.unsplash.com/photo-1548036328-c9fa89d128fa?w=1000&auto=format&fit=crop&q=85,2,Minimalist Leather Tote Noir Black,false,,,active
ambient-nordic-mushroom-lamp,Ambient Nordic Wireless Mushroom Lamp,"<p>Cordless touch-dimmable LED mushroom table lamp with 3 color temperatures and up to 16 hours of battery life on a single USB-C charge.</p><ul><li>Touch sensor stepless dimming</li><li>Warm amber, neutral, and daylight modes</li><li>Long-lasting rechargeable lithium battery</li></ul>",Luxidaq,Home & Garden > Lighting > Lamps,Home Decor,"home-decor, showpieces, new, gifts",true,Finish,Warm Gold Brass,,,,,,LUX-LAMP-GLD,450,shopify,80,deny,manual,54.00,85.00,true,true,,https://images.unsplash.com/photo-1507473885765-e6ed057f782c?w=1000&auto=format&fit=crop&q=85,1,Ambient Nordic Wireless Mushroom Lamp Brass,false,Ambient Nordic Wireless Mushroom Lamp | Luxidaq,Rechargeable cordless ambient mushroom lamp with touch-sensor dimming.,active
ambient-nordic-mushroom-lamp,Ambient Nordic Wireless Mushroom Lamp,"",Luxidaq,Home & Garden > Lighting > Lamps,Home Decor,"home-decor, showpieces, new, gifts",true,Finish,Matte White,,,,,,LUX-LAMP-WHT,450,shopify,70,deny,manual,54.00,85.00,true,true,,https://images.unsplash.com/photo-1513506003901-1e6a229e2d15?w=1000&auto=format&fit=crop&q=85,2,Ambient Nordic Lamp Matte White,false,,,active
artisan-sculptural-kinetic-showpiece,Artisan Kinetic Balance Brass Showpiece,"<p>Hypnotic precision-engineered kinetic sculpture crafted from solid brushed brass. Gently oscillates in a meditative rhythm, creating a serene focal point for desks and mantels.</p><ul><li>Solid brushed brass construction</li><li>Precision bearing for seamless pendulum motion</li><li>Weighted anti-scratch base</li></ul>",Luxidaq,Home & Garden > Decor > Sculptures & Statues,Showpiece,"showpieces, gifts, best-seller, luxury",true,Title,Default Title,,,,,,LUX-KINETIC-01,950,shopify,25,deny,manual,74.00,120.00,true,true,,https://images.unsplash.com/photo-1579783900882-c0d3dad7b119?w=1000&auto=format&fit=crop&q=85,1,Artisan Kinetic Balance Brass Showpiece,false,Artisan Kinetic Balance Brass Showpiece | Luxidaq,Hypnotic precision-balanced brass sculpture for luxury home and executive desks.,active
spiritual-devotion-heavyweight-tee,Spiritual Devotion Heavyweight Organic Tee,"<p>280 GSM luxury heavyweight combed organic cotton tee featuring mindful devotional typography and subtle screen-printed back artwork.</p><ul><li>100% GOTS certified organic cotton</li><li>Boxy streetwear fit with reinforced ribbed collar</li><li>Pre-shrunk vintage wash</li></ul>",Luxidaq,Apparel & Accessories > Clothing > Shirts & Tops,Clothing,"clothing, new, trending, best-seller",true,Size,Medium,Color,Vintage Wash Sand,,,LUX-TEE-SND-M,320,shopify,60,deny,manual,42.00,65.00,true,true,,https://images.unsplash.com/photo-1521572267360-ee0c2909d518?w=1000&auto=format&fit=crop&q=85,1,Spiritual Devotion Heavyweight Organic Tee Sand,false,Spiritual Devotion Heavyweight Organic Tee | Luxidaq,Heavyweight 280 GSM organic cotton graphic tee inspired by mindful devotion.,active
spiritual-devotion-heavyweight-tee,Spiritual Devotion Heavyweight Organic Tee,"",Luxidaq,Apparel & Accessories > Clothing > Shirts & Tops,Clothing,"clothing, new, trending, best-seller",true,Size,Large,Color,Vintage Wash Sand,,,LUX-TEE-SND-L,320,shopify,50,deny,manual,42.00,65.00,true,true,,https://images.unsplash.com/photo-1521572267360-ee0c2909d518?w=1000&auto=format&fit=crop&q=85,2,Spiritual Devotion Tee Sand Large,false,,,active
spiritual-devotion-heavyweight-tee,Spiritual Devotion Heavyweight Organic Tee,"",Luxidaq,Apparel & Accessories > Clothing > Shirts & Tops,Clothing,"clothing, new, trending, best-seller",true,Size,Medium,Color,Washed Charcoal,,,LUX-TEE-CHR-M,320,shopify,40,deny,manual,42.00,65.00,true,true,,https://images.unsplash.com/photo-1583743814966-8936f5b7be1a?w=1000&auto=format&fit=crop&q=85,3,Spiritual Devotion Tee Charcoal,false,,,active
18k-gold-herringbone-chain-necklace,18K Gold Vermeil Herringbone Snake Chain,"<p>Substantial 4mm liquid-finish herringbone chain dipped in 2.5 microns of 18K gold over 925 sterling silver. Water-resistant and tarnish-proof.</p><ul><li>18K Gold Vermeil (10x thicker than standard plating)</li><li>Length: 45cm + 5cm extension</li><li>Hypoallergenic and nickel-free</li></ul>",Luxidaq,Apparel & Accessories > Jewelry > Necklaces,Accessory,"accessories, gifts, trending, best-seller",true,Title,Default Title,,,,,,LUX-JEWEL-01,15,shopify,90,deny,manual,58.00,95.00,true,true,,https://images.unsplash.com/photo-1599643478518-a784e5dc4c8f?w=1000&auto=format&fit=crop&q=85,1,18K Gold Vermeil Herringbone Snake Chain,false,18K Gold Vermeil Herringbone Snake Chain | Luxidaq,Liquid gold drape herringbone chain necklace crafted in tarnish-free 18K vermeil.,active
luxury-scented-apothecary-candle,Apothecary Amber & Cedarwood Aromatherapy Candle,"<p>Hand-poured coconut soy wax candle infused with essential oils of smoky amber, atlas cedarwood, and bergamot. Delivers 60 hours of clean, calming burn time.</p><ul><li>100% natural coconut soy wax blend</li><li>Double crackling wooden wick</li><li>Reusable amber glass apothecary jar with cork lid</li></ul>",Luxidaq,Home & Garden > Decor > Home Fragrances > Candles,Gift,"gifts, home-decor, trending, best-seller",true,Size,8.5 oz / 240g,,,,,,LUX-CANDLE-01,480,shopify,110,deny,manual,36.00,52.00,true,true,,https://images.unsplash.com/photo-1603006905003-be475563bc59?w=1000&auto=format&fit=crop&q=85,1,Apothecary Amber & Cedarwood Aromatherapy Candle,false,Apothecary Amber & Cedarwood Candle | Luxidaq,Hand-poured coconut soy candle with crackling wood wick and natural essential oils.,active
